{
  "commands": {
    "4292860f-3bbf-4cf5-8a68-8f6ac2e4c9ae": {
      "id": "4292860f-3bbf-4cf5-8a68-8f6ac2e4c9ae",
      "name": "contrib",
      "path": "/Users/Boolean44/Desktop/projects/untitled folder 5/.commandkit/app/commands/contrib.js",
      "category": null,
      "parentPath": "/Users/Boolean44/Desktop/projects/untitled folder 5/.commandkit/app/commands",
      "relativePath": "/contrib.js",
      "middlewares": []
    },
    "c85f16fa-e7a4-4cc8-91c5-c0ad19208c60": {
      "id": "c85f16fa-e7a4-4cc8-91c5-c0ad19208c60",
      "name": "github",
      "path": "/Users/Boolean44/Desktop/projects/untitled folder 5/.commandkit/app/commands/github.js",
      "category": null,
      "parentPath": "/Users/Boolean44/Desktop/projects/untitled folder 5/.commandkit/app/commands",
      "relativePath": "/github.js",
      "middlewares": []
    },
    "9d30c061-c50b-4e56-80b3-77e433d62440": {
      "id": "9d30c061-c50b-4e56-80b3-77e433d62440",
      "name": "help",
      "path": "/Users/Boolean44/Desktop/projects/untitled folder 5/.commandkit/app/commands/help.js",
      "category": null,
      "parentPath": "/Users/Boolean44/Desktop/projects/untitled folder 5/.commandkit/app/commands",
      "relativePath": "/help.js",
      "middlewares": []
    },
    "c932f397-e22b-40c3-8890-11f5cfbcf5e3": {
      "id": "c932f397-e22b-40c3-8890-11f5cfbcf5e3",
      "name": "invite",
      "path": "/Users/Boolean44/Desktop/projects/untitled folder 5/.commandkit/app/commands/invite.js",
      "category": null,
      "parentPath": "/Users/Boolean44/Desktop/projects/untitled folder 5/.commandkit/app/commands",
      "relativePath": "/invite.js",
      "middlewares": []
    },
    "1496b995-f6c1-48f0-80cc-7a62e05f84ff": {
      "id": "1496b995-f6c1-48f0-80cc-7a62e05f84ff",
      "name": "nami",
      "path": "/Users/Boolean44/Desktop/projects/untitled folder 5/.commandkit/app/commands/nami.js",
      "category": null,
      "parentPath": "/Users/Boolean44/Desktop/projects/untitled folder 5/.commandkit/app/commands",
      "relativePath": "/nami.js",
      "middlewares": []
    },
    "65650a90-45ac-4bf6-97d9-7b661ed4a68a": {
      "id": "65650a90-45ac-4bf6-97d9-7b661ed4a68a",
      "name": "ping",
      "path": "/Users/Boolean44/Desktop/projects/untitled folder 5/.commandkit/app/commands/ping.js",
      "category": null,
      "parentPath": "/Users/Boolean44/Desktop/projects/untitled folder 5/.commandkit/app/commands",
      "relativePath": "/ping.js",
      "middlewares": []
    },
    "ebab2d9f-293c-47b6-b877-4bccc999934b": {
      "id": "ebab2d9f-293c-47b6-b877-4bccc999934b",
      "name": "support-server",
      "path": "/Users/Boolean44/Desktop/projects/untitled folder 5/.commandkit/app/commands/support-server.js",
      "category": null,
      "parentPath": "/Users/Boolean44/Desktop/projects/untitled folder 5/.commandkit/app/commands",
      "relativePath": "/support-server.js",
      "middlewares": []
    },
    "0d63cbdf-2ff5-4453-9036-aac221d25807": {
      "id": "0d63cbdf-2ff5-4453-9036-aac221d25807",
      "name": "transll",
      "path": "/Users/Boolean44/Desktop/projects/untitled folder 5/.commandkit/app/commands/transll.js",
      "category": null,
      "parentPath": "/Users/Boolean44/Desktop/projects/untitled folder 5/.commandkit/app/commands",
      "relativePath": "/transll.js",
      "middlewares": []
    },
    "bb54201c-2ab3-4a79-a39d-3ff43d0fc144": {
      "id": "bb54201c-2ab3-4a79-a39d-3ff43d0fc144",
      "name": "trevorproj",
      "path": "/Users/Boolean44/Desktop/projects/untitled folder 5/.commandkit/app/commands/trevorproj.js",
      "category": null,
      "parentPath": "/Users/Boolean44/Desktop/projects/untitled folder 5/.commandkit/app/commands",
      "relativePath": "/trevorproj.js",
      "middlewares": []
    },
    "40a60cf4-0bf2-419b-8786-da930477c782": {
      "id": "40a60cf4-0bf2-419b-8786-da930477c782",
      "name": "vote",
      "path": "/Users/Boolean44/Desktop/projects/untitled folder 5/.commandkit/app/commands/vote.js",
      "category": null,
      "parentPath": "/Users/Boolean44/Desktop/projects/untitled folder 5/.commandkit/app/commands",
      "relativePath": "/vote.js",
      "middlewares": []
    }
  },
  "middlewares": {}
}